"step","time","part","epoch","loss","lr","detection_map","detection_map_50","detection_map_75","detection_map_small","detection_map_medium","detection_map_large","detection_mar_1","detection_mar_10","detection_mar_100","detection_mar_small","detection_mar_medium","detection_mar_large","detection_map_I","detection_mar_100_I","detection_map_II","detection_mar_100_II","detection_map_III","detection_mar_100_III","detection_map_aVR","detection_mar_100_aVR","detection_map_aVL","detection_mar_100_aVL","detection_map_aVF","detection_mar_100_aVF","detection_map_V1","detection_mar_100_V1","detection_map_V2","detection_mar_100_V2","detection_map_V3","detection_mar_100_V3","detection_map_V4","detection_mar_100_V4","detection_map_V5","detection_mar_100_V5","detection_map_V6","detection_mar_100_V6","detection_map_waveform","detection_mar_100_waveform"
40,"2024-08-09 11:35:47.794269","train",0,5.720686435699463,2.8136241851364405e-06,"","","","","","","","","","","","","","","","","","","","","","","","","","","","","","","","","","","","","",""
80,"2024-08-09 11:37:06.981760","train",0,5.119574069976807,2.854485691830284e-06,"","","","","","","","","","","","","","","","","","","","","","","","","","","","","","","","","","","","","",""
120,"2024-08-09 11:38:21.688424","train",0,4.637729167938232,2.922551382895068e-06,"","","","","","","","","","","","","","","","","","","","","","","","","","","","","","","","","","","","","",""
160,"2024-08-09 11:39:39.345102","train",0,4.298964023590088,3.0177660595464743e-06,"","","","","","","","","","","","","","","","","","","","","","","","","","","","","","","","","","","","","",""
200,"2024-08-09 11:40:58.004215","train",0,4.245019912719727,3.1400525061665158e-06,"","","","","","","","","","","","","","","","","","","","","","","","","","","","","","","","","","","","","",""
240,"2024-08-09 11:42:14.508036","train",0,3.9439268112182617,3.289311552922555e-06,"","","","","","","","","","","","","","","","","","","","","","","","","","","","","","","","","","","","","",""
280,"2024-08-09 11:43:27.915370","train",0,3.7932779788970947,3.4654221561903844e-06,"","","","","","","","","","","","","","","","","","","","","","","","","","","","","","","","","","","","","",""
320,"2024-08-09 11:44:47.342642","train",0,3.658912181854248,3.6682414967162532e-06,"","","","","","","","","","","","","","","","","","","","","","","","","","","","","","","","","","","","","",""
360,"2024-08-09 11:45:59.656174","train",0,3.4982657432556152,3.897605095437955e-06,"","","","","","","","","","","","","","","","","","","","","","","","","","","","","","","","","","","","","",""
400,"2024-08-09 11:47:14.539967","train",0,3.4106807708740234,4.153326946871444e-06,"","","","","","","","","","","","","","","","","","","","","","","","","","","","","","","","","","","","","",""
440,"2024-08-09 11:48:34.637377","train",0,3.2946536540985107,4.435199669954352e-06,"","","","","","","","","","","","","","","","","","","","","","","","","","","","","","","","","","","","","",""
480,"2024-08-09 11:49:53.107952","train",0,3.205918788909912,4.742994676224527e-06,"","","","","","","","","","","","","","","","","","","","","","","","","","","","","","","","","","","","","",""
520,"2024-08-09 11:51:17.115143","train",0,3.097092390060425,5.076462355196897e-06,"","","","","","","","","","","","","","","","","","","","","","","","","","","","","","","","","","","","","",""
560,"2024-08-09 11:52:35.871434","train",0,2.987483024597168,5.435332276788391e-06,"","","","","","","","","","","","","","","","","","","","","","","","","","","","","","","","","","","","","",""
600,"2024-08-09 11:53:55.977205","train",0,2.8891866207122803,5.8193134106268845e-06,"","","","","","","","","","","","","","","","","","","","","","","","","","","","","","","","","","","","","",""
640,"2024-08-09 11:55:14.981401","train",0,2.8919577598571777,6.2280943620661704e-06,"","","","","","","","","","","","","","","","","","","","","","","","","","","","","","","","","","","","","",""
680,"2024-08-09 11:56:37.029958","train",0,2.80893874168396,6.661343624715633e-06,"","","","","","","","","","","","","","","","","","","","","","","","","","","","","","","","","","","","","",""
720,"2024-08-09 11:57:52.573216","train",0,2.717149257659912,7.1187098492797205e-06,"","","","","","","","","","","","","","","","","","","","","","","","","","","","","","","","","","","","","",""
760,"2024-08-09 11:59:09.544738","train",0,2.6821467876434326,7.599822128489519e-06,"","","","","","","","","","","","","","","","","","","","","","","","","","","","","","","","","","","","","",""
800,"2024-08-09 12:00:30.993911","train",0,2.664592981338501,8.104290297894788e-06,"","","","","","","","","","","","","","","","","","","","","","","","","","","","","","","","","","","","","",""
840,"2024-08-09 12:01:46.896566","train",0,2.622377872467041,8.6317052522732e-06,"","","","","","","","","","","","","","","","","","","","","","","","","","","","","","","","","","","","","",""
880,"2024-08-09 12:03:09.252112","train",0,2.5178606510162354,9.181639277399618e-06,"","","","","","","","","","","","","","","","","","","","","","","","","","","","","","","","","","","","","",""
920,"2024-08-09 12:04:28.398411","train",0,2.3795053958892822,9.753646396906703e-06,"","","","","","","","","","","","","","","","","","","","","","","","","","","","","","","","","","","","","",""
960,"2024-08-09 12:05:37.861698","train",0,2.300161123275757,1.0347262733955456e-05,"","","","","","","","","","","","","","","","","","","","","","","","","","","","","","","","","","","","","",""
1000,"2024-08-09 12:06:53.995954","train",0,2.2821402549743652,1.0962006887422301e-05,"","","","","","","","","","","","","","","","","","","","","","","","","","","","","","","","","","","","","",""
1040,"2024-08-09 12:08:08.983524","train",0,2.1592397689819336,1.1597380322297789e-05,"","","","","","","","","","","","","","","","","","","","","","","","","","","","","","","","","","","","","",""
1080,"2024-08-09 12:09:23.364191","train",0,2.093356132507324,1.2252867773980302e-05,"","","","","","","","","","","","","","","","","","","","","","","","","","","","","","","","","","","","","",""
1120,"2024-08-09 12:10:36.102923","train",0,2.085906505584717,1.2927937666136739e-05,"","","","","","","","","","","","","","","","","","","","","","","","","","","","","","","","","","","","","",""
1160,"2024-08-09 12:11:51.527843","train",0,2.043553352355957,1.3622042541791425e-05,"","","","","","","","","","","","","","","","","","","","","","","","","","","","","","","","","","","","","",""
1200,"2024-08-09 12:13:09.327889","train",0,2.016460657119751,1.4334619507293774e-05,"","","","","","","","","","","","","","","","","","","","","","","","","","","","","","","","","","","","","",""
1226,"2024-08-09 12:51:39.000179","train",0,"","",0.012793367728590965,0.03424995392560959,0.006718694232404232,0.0,0.0,0.1663137823343277,0.00862642377614975,0.020081784576177597,0.020081784576177597,0.0,0.0,0.26106321811676025,0.0,0.0,0.0,0.0,0.0,0.0,0.0,0.0,0.0,0.0,0.0,0.0,0.0,0.0,0.0,0.0,0.0,0.0,0.0,0.0,0.0,0.0,0.0,0.0,0.1663137823343277,0.26106321811676025
1226,"2024-08-09 12:56:07.696056","val",0,"","",0.012756939977407455,0.034498587250709534,0.006526730488985777,0.0,0.0,0.16584022343158722,0.008743087761104107,0.020026948302984238,0.020026948302984238,0.0,0.0,0.2603503167629242,0.0,0.0,0.0,0.0,0.0,0.0,0.0,0.0,0.0,0.0,0.0,0.0,0.0,0.0,0.0,0.0,0.0,0.0,0.0,0.0,0.0,0.0,0.0,0.0,0.16584022343158722,0.2603503167629242
1240,"2024-08-09 12:56:45.381829","train",1,1.8785704374313354,1.5065090688804393e-05,"","","","","","","","","","","","","","","","","","","","","","","","","","","","","","","","","","","","","",""
1280,"2024-08-09 12:58:06.842902","train",1,1.842280626296997,1.5812863700929594e-05,"","","","","","","","","","","","","","","","","","","","","","","","","","","","","","","","","","","","","",""
1320,"2024-08-09 12:59:17.728181","train",1,1.7890292406082153,1.657733212712432e-05,"","","","","","","","","","","","","","","","","","","","","","","","","","","","","","","","","","","","","",""
1360,"2024-08-09 13:00:36.010902","train",1,1.746734619140625,1.7357876011473705e-05,"","","","","","","","","","","","","","","","","","","","","","","","","","","","","","","","","","","","","",""
1400,"2024-08-09 13:01:51.085478","train",1,1.6952383518218994,1.81538623614547e-05,"","","","","","","","","","","","","","","","","","","","","","","","","","","","","","","","","","","","","",""
1440,"2024-08-09 13:03:14.570559","train",1,1.6077250242233276,1.8964645661269773e-05,"","","","","","","","","","","","","","","","","","","","","","","","","","","","","","","","","","","","","",""
1480,"2024-08-09 13:04:39.674013","train",1,1.5264363288879395,1.9789568395336667e-05,"","","","","","","","","","","","","","","","","","","","","","","","","","","","","","","","","","","","","",""
1520,"2024-08-09 13:06:07.950703","train",1,1.5326528549194336,2.062796158150941e-05,"","","","","","","","","","","","","","","","","","","","","","","","","","","","","","","","","","","","","",""
1560,"2024-08-09 13:07:26.949637","train",1,1.4505975246429443,2.1479145313598376e-05,"","","","","","","","","","","","","","","","","","","","","","","","","","","","","","","","","","","","","",""
1600,"2024-08-09 13:08:44.067321","train",1,1.4460556507110596,2.2342429312749356e-05,"","","","","","","","","","","","","","","","","","","","","","","","","","","","","","","","","","","","","",""
1640,"2024-08-09 13:10:02.099491","train",1,1.331398844718933,2.3217113487234365e-05,"","","","","","","","","","","","","","","","","","","","","","","","","","","","","","","","","","","","","",""
1680,"2024-08-09 13:11:21.469487","train",1,1.3410325050354004,2.410248850020049e-05,"","","","","","","","","","","","","","","","","","","","","","","","","","","","","","","","","","","","","",""
1720,"2024-08-09 13:12:42.635583","train",1,1.2334966659545898,2.4997836344916063e-05,"","","","","","","","","","","","","","","","","","","","","","","","","","","","","","","","","","","","","",""
1760,"2024-08-09 13:13:59.744211","train",1,1.1820298433303833,2.5902430927047894e-05,"","","","","","","","","","","","","","","","","","","","","","","","","","","","","","","","","","","","","",""
1800,"2024-08-09 13:15:19.795679","train",1,1.111839771270752,2.6815538653497145e-05,"","","","","","","","","","","","","","","","","","","","","","","","","","","","","","","","","","","","","",""
1840,"2024-08-09 13:16:34.893917","train",1,1.0879406929016113,2.77364190273165e-05,"","","","","","","","","","","","","","","","","","","","","","","","","","","","","","","","","","","","","",""
1880,"2024-08-09 13:17:53.498238","train",1,1.1099207401275635,2.8664325248226113e-05,"","","","","","","","","","","","","","","","","","","","","","","","","","","","","","","","","","","","","",""
1920,"2024-08-09 13:18:51.344092","train",1,1.055358648300171,2.9598504818241304e-05,"","","","","","","","","","","","","","","","","","","","","","","","","","","","","","","","","","","","","",""
1960,"2024-08-09 13:19:48.448276","train",1,0.9192169904708862,3.053820015192084e-05,"","","","","","","","","","","","","","","","","","","","","","","","","","","","","","","","","","","","","",""
2000,"2024-08-09 13:20:50.113535","train",1,0.868962824344635,3.148264919074102e-05,"","","","","","","","","","","","","","","","","","","","","","","","","","","","","","","","","","","","","",""
2040,"2024-08-09 13:21:49.865482","train",1,0.8802141547203064,3.24310860210973e-05,"","","","","","","","","","","","","","","","","","","","","","","","","","","","","","","","","","","","","",""
2080,"2024-08-09 13:22:51.883053","train",1,0.8321174383163452,3.338274149543209e-05,"","","","","","","","","","","","","","","","","","","","","","","","","","","","","","","","","","","","","",""
2120,"2024-08-09 13:23:53.366459","train",1,0.7687076926231384,3.4336843855985385e-05,"","","","","","","","","","","","","","","","","","","","","","","","","","","","","","","","","","","","","",""
2160,"2024-08-09 13:24:55.609754","train",1,0.7668026685714722,3.529261936066198e-05,"","","","","","","","","","","","","","","","","","","","","","","","","","","","","","","","","","","","","",""
2200,"2024-08-09 13:25:55.254361","train",1,0.7449955940246582,3.6249292910508035e-05,"","","","","","","","","","","","","","","","","","","","","","","","","","","","","","","","","","","","","",""
2240,"2024-08-09 13:26:57.225350","train",1,0.6949766874313354,3.720608867828794e-05,"","","","","","","","","","","","","","","","","","","","","","","","","","","","","","","","","","","","","",""
2280,"2024-08-09 13:27:59.394480","train",1,0.6354177594184875,3.8162230737651796e-05,"","","","","","","","","","","","","","","","","","","","","","","","","","","","","","","","","","","","","",""
2320,"2024-08-09 13:28:59.361592","train",1,0.6073315143585205,3.911694369238334e-05,"","","","","","","","","","","","","","","","","","","","","","","","","","","","","","","","","","","","","",""
2360,"2024-08-09 13:30:01.924429","train",1,0.5999364852905273,4.006945330521784e-05,"","","","","","","","","","","","","","","","","","","","","","","","","","","","","","","","","","","","","",""
2400,"2024-08-09 13:31:01.804917","train",1,0.6356889009475708,4.1018987125720214e-05,"","","","","","","","","","","","","","","","","","","","","","","","","","","","","","","","","","","","","",""
2440,"2024-08-09 13:32:02.244264","train",1,0.6937407851219177,4.196477511671403e-05,"","","","","","","","","","","","","","","","","","","","","","","","","","","","","","","","","","","","","",""
2452,"2024-08-09 14:03:26.298859","train",1,"","",0.6647478342056274,0.9752820730209351,0.7713222503662109,0.46395614743232727,0.739884078502655,0.5910086035728455,0.6583617329597473,0.7204970121383667,0.7204970121383667,0.5113072395324707,0.7903457283973694,0.7194275856018066,0.3486986458301544,0.4145400822162628,0.5915926694869995,0.6259476542472839,0.4515347480773926,0.49343401193618774,0.8547658920288086,0.8890770673751831,0.8278492093086243,0.8691699504852295,0.6030496954917908,0.6563440561294556,0.7925664186477661,0.8467833399772644,0.8316728472709656,0.8826743364334106,0.6339601278305054,0.6875720620155334,0.7058353424072266,0.7526095509529114,0.7155752778053284,0.7722412347793579,0.6936125755310059,0.7566399574279785,0.5910086035728455,0.7194275856018066
2452,"2024-08-09 14:06:53.301975","val",1,"","",0.6702754497528076,0.9791199564933777,0.7753525972366333,0.4729406237602234,0.7442750930786133,0.5963146090507507,0.661937415599823,0.7238748669624329,0.7238748669624329,0.517970860004425,0.7927964925765991,0.7212920784950256,0.3730449080467224,0.4349408447742462,0.5882819890975952,0.621974527835846,0.45749449729919434,0.49699726700782776,0.8525216579437256,0.8888534903526306,0.8353235721588135,0.8757051825523376,0.6046845316886902,0.6571428775787354,0.7976522445678711,0.8485441207885742,0.8330039978027344,0.8832120299339294,0.6342437267303467,0.6847133636474609,0.7202790379524231,0.7614194750785828,0.7236199378967285,0.778753399848938,0.6971160173416138,0.7568243741989136,0.5963146090507507,0.7212920784950256
2480,"2024-08-09 14:07:42.760207","train",2,0.6398105621337891,4.2906050278753504e-05,"","","","","","","","","","","","","","","","","","","","","","","","","","","","","","","","","","","","","",""
2520,"2024-08-09 14:08:47.586926","train",2,0.5071071982383728,4.3842049272132e-05,"","","","","","","","","","","","","","","","","","","","","","","","","","","","","","","","","","","","","",""
2560,"2024-08-09 14:09:46.647682","train",2,0.5444480776786804,4.477201303592249e-05,"","","","","","","","","","","","","","","","","","","","","","","","","","","","","","","","","","","","","",""
2600,"2024-08-09 14:10:49.630390","train",2,0.49887317419052124,4.5695187403548336e-05,"","","","","","","","","","","","","","","","","","","","","","","","","","","","","","","","","","","","","",""
2640,"2024-08-09 14:11:48.898719","train",2,0.5589371919631958,4.661082371438466e-05,"","","","","","","","","","","","","","","","","","","","","","","","","","","","","","","","","","","","","",""
2680,"2024-08-09 14:12:48.577786","train",2,0.5033552050590515,4.7518179420894776e-05,"","","","","","","","","","","","","","","","","","","","","","","","","","","","","","","","","","","","","",""
2720,"2024-08-09 14:13:50.796655","train",2,0.6643277406692505,4.841651869080902e-05,"","","","","","","","","","","","","","","","","","","","","","","","","","","","","","","","","","","","","",""
2760,"2024-08-09 14:14:48.496375","train",2,0.5234946012496948,4.9305113003857834e-05,"","","","","","","","","","","","","","","","","","","","","","","","","","","","","","","","","","","","","",""
2800,"2024-08-09 14:15:51.957464","train",2,0.5152750015258789,5.018324174257503e-05,"","","","","","","","","","","","","","","","","","","","","","","","","","","","","","","","","","","","","",""
2840,"2024-08-09 14:16:52.598901","train",2,0.5021247863769531,5.1050192776692146e-05,"","","","","","","","","","","","","","","","","","","","","","","","","","","","","","","","","","","","","",""
2880,"2024-08-09 14:17:50.597311","train",2,0.5037651062011719,5.1905263040650065e-05,"","","","","","","","","","","","","","","","","","","","","","","","","","","","","","","","","","","","","",""
2920,"2024-08-09 14:18:47.615163","train",2,0.4345168173313141,5.274775910375948e-05,"","","","","","","","","","","","","","","","","","","","","","","","","","","","","","","","","","","","","",""
2960,"2024-08-09 14:19:45.992860","train",2,0.48085811734199524,5.357699773254771e-05,"","","","","","","","","","","","","","","","","","","","","","","","","","","","","","","","","","","","","",""
3000,"2024-08-09 14:20:46.388600","train",2,0.4475818872451782,5.4392306444836145e-05,"","","","","","","","","","","","","","","","","","","","","","","","","","","","","","","","","","","","","",""
3040,"2024-08-09 14:21:44.219585","train",2,0.4710428714752197,5.519302405509861e-05,"","","","","","","","","","","","","","","","","","","","","","","","","","","","","","","","","","","","","",""
3080,"2024-08-09 14:22:42.672381","train",2,0.41204923391342163,5.597850121065869e-05,"","","","","","","","","","","","","","","","","","","","","","","","","","","","","","","","","","","","","",""
3120,"2024-08-09 14:23:43.438202","train",2,0.3807964622974396,5.6748100918290874e-05,"","","","","","","","","","","","","","","","","","","","","","","","","","","","","","","","","","","","","",""
3160,"2024-08-09 14:24:45.633568","train",2,0.39040157198905945,5.7501199060798915e-05,"","","","","","","","","","","","","","","","","","","","","","","","","","","","","","","","","","","","","",""
3200,"2024-08-09 14:25:46.191150","train",2,0.423225462436676,5.823718490315187e-05,"","","","","","","","","","","","","","","","","","","","","","","","","","","","","","","","","","","","","",""
3240,"2024-08-09 14:26:40.885117","train",2,0.37838268280029297,5.895546158776795e-05,"","","","","","","","","","","","","","","","","","","","","","","","","","","","","","","","","","","","","",""
3280,"2024-08-09 14:27:41.477608","train",2,0.4027942419052124,5.9655446618544154e-05,"","","","","","","","","","","","","","","","","","","","","","","","","","","","","","","","","","","","","",""
3320,"2024-08-09 14:28:43.886441","train",2,0.3929142951965332,6.033657233323929e-05,"","","","","","","","","","","","","","","","","","","","","","","","","","","","","","","","","","","","","",""
3360,"2024-08-09 14:29:41.792505","train",2,0.5247808694839478,6.09982863638273e-05,"","","","","","","","","","","","","","","","","","","","","","","","","","","","","","","","","","","","","",""
3400,"2024-08-09 14:30:41.357128","train",2,0.5369172692298889,6.164005208444743e-05,"","","","","","","","","","","","","","","","","","","","","","","","","","","","","","","","","","","","","",""
3440,"2024-08-09 14:31:43.740037","train",2,0.39259329438209534,6.226134904658827e-05,"","","","","","","","","","","","","","","","","","","","","","","","","","","","","","","","","","","","","",""
3480,"2024-08-09 14:32:44.218851","train",2,0.4707733392715454,6.286167340115238e-05,"","","","","","","","","","","","","","","","","","","","","","","","","","","","","","","","","","","","","",""
3520,"2024-08-09 14:33:46.148470","train",2,0.39159512519836426,6.34405383070595e-05,"","","","","","","","","","","","","","","","","","","","","","","","","","","","","","","","","","","","","",""
3560,"2024-08-09 14:34:43.171201","train",2,0.37814080715179443,6.39974743260568e-05,"","","","","","","","","","","","","","","","","","","","","","","","","","","","","","","","","","","","","",""
3600,"2024-08-09 14:35:43.811636","train",2,0.4205509424209595,6.453202980341623e-05,"","","","","","","","","","","","","","","","","","","","","","","","","","","","","","","","","","","","","",""
3640,"2024-08-09 14:36:44.189793","train",2,0.4120315611362457,6.504377123420982e-05,"","","","","","","","","","","","","","","","","","","","","","","","","","","","","","","","","","","","","",""
3678,"2024-08-09 15:11:32.686141","train",2,"","",0.6938815712928772,0.9861835241317749,0.7892241477966309,0.6855006217956543,0.6902685165405273,0.7515968680381775,0.6569993495941162,0.7335664629936218,0.7335664629936218,0.7192830443382263,0.7264663577079773,0.8403180837631226,0.5932875275611877,0.628416895866394,0.7094902992248535,0.7471710443496704,0.7537239193916321,0.7822611331939697,0.9097169041633606,0.9403755068778992,0.7549418807029724,0.795556366443634,0.6915149092674255,0.7168307900428772,0.8469120264053345,0.8812560439109802,0.49239957332611084,0.5286312103271484,0.659421443939209,0.7000969052314758,0.8664494156837463,0.9035457372665405,0.5433289408683777,0.5908831357955933,0.44767624139785767,0.48102137446403503,0.7515968680381775,0.8403180837631226
3678,"2024-08-09 15:16:07.498359","val",2,"","",0.6956029534339905,0.9900338053703308,0.7910117506980896,0.6858501434326172,0.6930230855941772,0.748104989528656,0.6577386856079102,0.7338454723358154,0.7338454723358154,0.7192068696022034,0.7274037003517151,0.8357370495796204,0.5917062163352966,0.6254321932792664,0.7093545794487,0.7462010979652405,0.7564895749092102,0.7859872579574585,0.9106301069259644,0.9418107271194458,0.7631484270095825,0.7980891466140747,0.6913913488388062,0.7176069021224976,0.8535599112510681,0.8823930621147156,0.4928421676158905,0.5284804105758667,0.6624374985694885,0.7011829018592834,0.8658199310302734,0.9019108414649963,0.5452401638031006,0.592902660369873,0.45211368799209595,0.48225659132003784,0.748104989528656,0.8357370495796204
3680,"2024-08-09 15:16:17.099329","train",3,0.39098572731018066,6.553228361486645e-05,"","","","","","","","","","","","","","","","","","","","","","","","","","","","","","","","","","","","","",""
3720,"2024-08-09 15:17:28.236929","train",3,0.3696860373020172,6.599717077972447e-05,"","","","","","","","","","","","","","","","","","","","","","","","","","","","","","","","","","","","","",""
3760,"2024-08-09 15:18:36.215326","train",3,0.3888970911502838,6.643805572230762e-05,"","","","","","","","","","","","","","","","","","","","","","","","","","","","","","","","","","","","","",""
3800,"2024-08-09 15:19:44.060614","train",3,0.42176905274391174,6.685458090106341e-05,"","","","","","","","","","","","","","","","","","","","","","","","","","","","","","","","","","","","","",""
3840,"2024-08-09 15:20:51.832195","train",3,0.36836984753608704,6.724640852931626e-05,"","","","","","","","","","","","","","","","","","","","","","","","","","","","","","","","","","","","","",""
3880,"2024-08-09 15:22:02.060016","train",3,0.3305111527442932,6.761322084920019e-05,"","","","","","","","","","","","","","","","","","","","","","","","","","","","","","","","","","","","","",""
3920,"2024-08-09 15:23:08.536272","train",3,0.3566836714744568,6.795472038934875e-05,"","","","","","","","","","","","","","","","","","","","","","","","","","","","","","","","","","","","","",""
3960,"2024-08-09 15:24:15.435611","train",3,0.4002867341041565,6.827063020613341e-05,"","","","","","","","","","","","","","","","","","","","","","","","","","","","","","","","","","","","","",""
4000,"2024-08-09 15:25:21.669631","train",3,0.33095136284828186,6.856069410825477e-05,"","","","","","","","","","","","","","","","","","","","","","","","","","","","","","","","","","","","","",""
4040,"2024-08-09 15:26:30.113598","train",3,0.4945172071456909,6.882467686450423e-05,"","","","","","","","","","","","","","","","","","","","","","","","","","","","","","","","","","","","","",""
4080,"2024-08-09 15:27:40.311670","train",3,0.4008048176765442,6.906236439452802e-05,"","","","","","","","","","","","","","","","","","","","","","","","","","","","","","","","","","","","","",""
4120,"2024-08-09 15:28:53.356495","train",3,0.33801424503326416,6.927356394243839e-05,"","","","","","","","","","","","","","","","","","","","","","","","","","","","","","","","","","","","","",""
4160,"2024-08-09 15:29:59.584863","train",3,0.41389578580856323,6.94581042331317e-05,"","","","","","","","","","","","","","","","","","","","","","","","","","","","","","","","","","","","","",""
4200,"2024-08-09 15:31:07.527404","train",3,0.39775365591049194,6.961583561118619e-05,"","","","","","","","","","","","","","","","","","","","","","","","","","","","","","","","","","","","","",""
4240,"2024-08-09 15:32:15.915653","train",3,0.35409945249557495,6.974663016222707e-05,"","","","","","","","","","","","","","","","","","","","","","","","","","","","","","","","","","","","","",""
4280,"2024-08-09 15:33:24.835444","train",3,0.31875115633010864,6.985038181666039e-05,"","","","","","","","","","","","","","","","","","","","","","","","","","","","","","","","","","","","","",""
4320,"2024-08-09 15:34:31.709685","train",3,0.3716142475605011,6.992700643569162e-05,"","","","","","","","","","","","","","","","","","","","","","","","","","","","","","","","","","","","","",""
4360,"2024-08-09 15:35:38.078895","train",3,0.29841041564941406,6.997644187955912e-05,"","","","","","","","","","","","","","","","","","","","","","","","","","","","","","","","","","","","","",""
4400,"2024-08-09 15:36:44.815191","train",3,0.38408634066581726,6.999864805792719e-05,"","","","","","","","","","","","","","","","","","","","","","","","","","","","","","","","","","","","","",""
4440,"2024-08-09 15:37:52.913941","train",3,0.26289424300193787,6.999877736973663e-05,"","","","","","","","","","","","","","","","","","","","","","","","","","","","","","","","","","","","","",""
4480,"2024-08-09 15:38:59.677700","train",3,0.29829296469688416,6.999260222637283e-05,"","","","","","","","","","","","","","","","","","","","","","","","","","","","","","","","","","","","","",""
4520,"2024-08-09 15:40:05.998377","train",3,0.301052451133728,6.99812169437759e-05,"","","","","","","","","","","","","","","","","","","","","","","","","","","","","","","","","","","","","",""
4560,"2024-08-09 15:41:12.737444","train",3,0.29785382747650146,6.996462321713684e-05,"","","","","","","","","","","","","","","","","","","","","","","","","","","","","","","","","","","","","",""
4600,"2024-08-09 15:42:25.296575","train",3,0.3253646492958069,6.994282351714853e-05,"","","","","","","","","","","","","","","","","","","","","","","","","","","","","","","","","","","","","",""
4640,"2024-08-09 15:43:31.854416","train",3,0.30536362528800964,6.991582108963778e-05,"","","","","","","","","","","","","","","","","","","","","","","","","","","","","","","","","","","","","",""
4680,"2024-08-09 15:44:38.117556","train",3,0.2748781740665436,6.988361995508206e-05,"","","","","","","","","","","","","","","","","","","","","","","","","","","","","","","","","","","","","",""
4720,"2024-08-09 15:45:46.377337","train",3,0.3112795948982239,6.984622490801095e-05,"","","","","","","","","","","","","","","","","","","","","","","","","","","","","","","","","","","","","",""
4760,"2024-08-09 15:46:54.739569","train",3,0.2860197424888611,6.980364151629219e-05,"","","","","","","","","","","","","","","","","","","","","","","","","","","","","","","","","","","","","",""
4800,"2024-08-09 15:48:04.428352","train",3,0.3463868796825409,6.97558761203027e-05,"","","","","","","","","","","","","","","","","","","","","","","","","","","","","","","","","","","","","",""
4840,"2024-08-09 15:49:09.611338","train",3,0.26838788390159607,6.970293583198454e-05,"","","","","","","","","","","","","","","","","","","","","","","","","","","","","","","","","","","","","",""
4880,"2024-08-09 15:50:14.689016","train",3,0.28474748134613037,6.964482853378597e-05,"","","","","","","","","","","","","","","","","","","","","","","","","","","","","","","","","","","","","",""
4904,"2024-08-09 16:26:53.464448","train",3,"","",0.7144899964332581,0.982357919216156,0.8953704833984375,0.4726824164390564,0.7818376421928406,0.8337841629981995,0.6735461950302124,0.7474731206893921,0.7474731206893921,0.5083652138710022,0.8113656044006348,0.8897645473480225,0.1325037181377411,0.18770471215248108,0.5884677171707153,0.6159379482269287,0.6970757842063904,0.7214530110359192,0.8994337916374207,0.9252946376800537,0.8786470890045166,0.9046120047569275,0.8670472502708435,0.8861180543899536,0.8415684103965759,0.8669455647468567,0.7369873523712158,0.7729503512382507,0.7326794862747192,0.759619414806366,0.676262378692627,0.7062700986862183,0.7714141011238098,0.814274787902832,0.6324986815452576,0.6662058234214783,0.8337841629981995,0.8897645473480225
4904,"2024-08-09 16:31:02.894566","val",3,"","",0.7188290357589722,0.988044261932373,0.8976365923881531,0.4789043962955475,0.7863196134567261,0.8311871290206909,0.6751084923744202,0.7490218281745911,0.7490218281745911,0.511336088180542,0.812728762626648,0.888716995716095,0.14027462899684906,0.19340309500694275,0.5942308306694031,0.6173111796379089,0.7022077441215515,0.7232939004898071,0.8930143117904663,0.9254776835441589,0.8810651302337646,0.9040491580963135,0.8765341639518738,0.8887625336647034,0.8367007374763489,0.8661055564880371,0.7434067130088806,0.7761601209640503,0.7433648705482483,0.7628753185272217,0.6825337409973145,0.7073703408241272,0.7824585437774658,0.81683349609375,0.637798547744751,0.6669244766235352,0.8311871290206909,0.888716995716095
4920,"2024-08-09 16:31:37.180181","train",4,0.28958237171173096,6.958156287748782e-05,"","","","","","","","","","","","","","","","","","","","","","","","","","","","","","","","","","","","","",""
4960,"2024-08-09 16:32:45.714868","train",4,0.2391696274280548,6.951314828291532e-05,"","","","","","","","","","","","","","","","","","","","","","","","","","","","","","","","","","","","","",""
5000,"2024-08-09 16:33:51.561278","train",4,0.2772332727909088,6.943959493653551e-05,"","","","","","","","","","","","","","","","","","","","","","","","","","","","","","","","","","","","","",""
5040,"2024-08-09 16:34:57.177279","train",4,0.2547808885574341,6.936091378994055e-05,"","","","","","","","","","","","","","","","","","","","","","","","","","","","","","","","","","","","","",""
5080,"2024-08-09 16:36:08.627306","train",4,0.2701592445373535,6.927711655821717e-05,"","","","","","","","","","","","","","","","","","","","","","","","","","","","","","","","","","","","","",""
5120,"2024-08-09 16:37:17.894591","train",4,0.27599745988845825,6.918821571820227e-05,"","","","","","","","","","","","","","","","","","","","","","","","","","","","","","","","","","","","","",""
5160,"2024-08-09 16:38:28.316971","train",4,0.3018762767314911,6.909422450662529e-05,"","","","","","","","","","","","","","","","","","","","","","","","","","","","","","","","","","","","","",""
5200,"2024-08-09 16:39:36.977150","train",4,0.2976897358894348,6.899515691813728e-05,"","","","","","","","","","","","","","","","","","","","","","","","","","","","","","","","","","","","","",""
5240,"2024-08-09 16:40:47.695993","train",4,0.26094675064086914,6.889102770322727e-05,"","","","","","","","","","","","","","","","","","","","","","","","","","","","","","","","","","","","","",""
5280,"2024-08-09 16:42:03.569705","train",4,0.23835259675979614,6.878185236602595e-05,"","","","","","","","","","","","","","","","","","","","","","","","","","","","","","","","","","","","","",""
5320,"2024-08-09 16:43:17.884130","train",4,0.2668274939060211,6.866764716199726e-05,"","","","","","","","","","","","","","","","","","","","","","","","","","","","","","","","","","","","","",""
5360,"2024-08-09 16:44:25.355730","train",4,0.22149871289730072,6.854842909551804e-05,"","","","","","","","","","","","","","","","","","","","","","","","","","","","","","","","","","","","","",""
5400,"2024-08-09 16:45:35.156523","train",4,0.22904625535011292,6.842421591734618e-05,"","","","","","","","","","","","","","","","","","","","","","","","","","","","","","","","","","","","","",""
5440,"2024-08-09 16:46:44.602079","train",4,0.272774338722229,6.829502612197769e-05,"","","","","","","","","","","","","","","","","","","","","","","","","","","","","","","","","","","","","",""
5480,"2024-08-09 16:47:55.845777","train",4,0.2604830265045166,6.8160878944893e-05,"","","","","","","","","","","","","","","","","","","","","","","","","","","","","","","","","","","","","",""
5520,"2024-08-09 16:49:06.350728","train",4,0.20843438804149628,6.802179435969283e-05,"","","","","","","","","","","","","","","","","","","","","","","","","","","","","","","","","","","","","",""
5560,"2024-08-09 16:50:16.857898","train",4,0.21656028926372528,6.78777930751244e-05,"","","","","","","","","","","","","","","","","","","","","","","","","","","","","","","","","","","","","",""
5600,"2024-08-09 16:51:28.091444","train",4,0.28101062774658203,6.772889653199796e-05,"","","","","","","","","","","","","","","","","","","","","","","","","","","","","","","","","","","","","",""
5640,"2024-08-09 16:52:41.273925","train",4,0.2735883295536041,6.757512689999438e-05,"","","","","","","","","","","","","","","","","","","","","","","","","","","","","","","","","","","","","",""
5680,"2024-08-09 16:53:51.430664","train",4,0.2774627208709717,6.741650707436429e-05,"","","","","","","","","","","","","","","","","","","","","","","","","","","","","","","","","","","","","",""
5720,"2024-08-09 16:55:00.645413","train",4,0.23940157890319824,6.725306067251908e-05,"","","","","","","","","","","","","","","","","","","","","","","","","","","","","","","","","","","","","",""
5760,"2024-08-09 16:56:11.291378","train",4,0.22878268361091614,6.708481203051451e-05,"","","","","","","","","","","","","","","","","","","","","","","","","","","","","","","","","","","","","",""
5800,"2024-08-09 16:57:20.392644","train",4,0.2606181502342224,6.691178619942713e-05,"","","","","","","","","","","","","","","","","","","","","","","","","","","","","","","","","","","","","",""
5840,"2024-08-09 16:58:32.248371","train",4,0.2640100419521332,6.673400894162443e-05,"","","","","","","","","","","","","","","","","","","","","","","","","","","","","","","","","","","","","",""
5880,"2024-08-09 16:59:42.979186","train",4,0.19758982956409454,6.655150672692895e-05,"","","","","","","","","","","","","","","","","","","","","","","","","","","","","","","","","","","","","",""
5920,"2024-08-09 17:00:53.032659","train",4,0.2312297821044922,6.636430672867714e-05,"","","","","","","","","","","","","","","","","","","","","","","","","","","","","","","","","","","","","",""
5960,"2024-08-09 17:02:14.290991","train",4,0.20534265041351318,6.61724368196734e-05,"","","","","","","","","","","","","","","","","","","","","","","","","","","","","","","","","","","","","",""
6000,"2024-08-09 17:03:30.449207","train",4,0.25630033016204834,6.597592556804002e-05,"","","","","","","","","","","","","","","","","","","","","","","","","","","","","","","","","","","","","",""
6040,"2024-08-09 17:04:50.190636","train",4,0.22268281877040863,6.577480223296362e-05,"","","","","","","","","","","","","","","","","","","","","","","","","","","","","","","","","","","","","",""
6080,"2024-08-09 17:06:18.304591","train",4,0.22468051314353943,6.556909676033859e-05,"","","","","","","","","","","","","","","","","","","","","","","","","","","","","","","","","","","","","",""
6120,"2024-08-09 17:07:33.240957","train",4,0.2377014458179474,6.535883977830841e-05,"","","","","","","","","","","","","","","","","","","","","","","","","","","","","","","","","","","","","",""
6130,"2024-08-09 17:47:22.129319","train",4,"","",0.8108450770378113,0.9906971454620361,0.9809030294418335,0.8735809326171875,0.7822064161300659,0.8803853392601013,0.7491228580474854,0.8363983631134033,0.8363983631134033,0.8933489918708801,0.8084440231323242,0.9171355962753296,0.7625579833984375,0.78268963098526,0.8903759121894836,0.9106423258781433,0.9678089618682861,0.9867149591445923,0.7928969264030457,0.7968572974205017,0.82541823387146,0.8620631694793701,0.8926350474357605,0.9205448627471924,0.7910096645355225,0.806662917137146,0.8856658935546875,0.91987144947052,0.7967044115066528,0.8271108865737915,0.5850984454154968,0.5962297916412354,0.7660292387008667,0.8097392916679382,0.7043998837471008,0.7369164824485779,0.8803853392601013,0.9171355962753296
6130,"2024-08-09 17:51:47.768327","val",4,"","",0.8157017230987549,0.9968321919441223,0.9864050149917603,0.8783978819847107,0.7877984642982483,0.878742516040802,0.7495896816253662,0.8368656635284424,0.8368656635284424,0.8941992521286011,0.8088060021400452,0.9174022078514099,0.7711855173110962,0.7863057255744934,0.8959686756134033,0.9101683497428894,0.9680394530296326,0.9861237406730652,0.7932482957839966,0.79713374376297,0.8326312303543091,0.8619199395179749,0.9016069769859314,0.9210191369056702,0.7979876399040222,0.8061419725418091,0.8873911499977112,0.9225659966468811,0.8051033020019531,0.8262056708335876,0.5902190208435059,0.5964513421058655,0.7724156379699707,0.810373067855835,0.709583044052124,0.7374431490898132,0.878742516040802,0.9174022078514099
6160,"2024-08-09 17:52:56.049570","train",5,0.25392359495162964,6.514406259270528e-05,"","","","","","","","","","","","","","","","","","","","","","","","","","","","","","","","","","","","","",""
6200,"2024-08-09 17:54:11.950896","train",5,0.208917498588562,6.492479718238894e-05,"","","","","","","","","","","","","","","","","","","","","","","","","","","","","","","","","","","","","",""
6240,"2024-08-09 17:55:31.801730","train",5,0.21606327593326569,6.470107619448519e-05,"","","","","","","","","","","","","","","","","","","","","","","","","","","","","","","","","","","","","",""
6280,"2024-08-09 17:56:47.439072","train",5,0.2249564826488495,6.4472932939525e-05,"","","","","","","","","","","","","","","","","","","","","","","","","","","","","","","","","","","","","",""
6320,"2024-08-09 17:58:00.970254","train",5,0.19690439105033875,6.424040138648475e-05,"","","","","","","","","","","","","","","","","","","","","","","","","","","","","","","","","","","","","",""
6360,"2024-08-09 17:59:16.044570","train",5,0.2685299515724182,6.400351615772857e-05,"","","","","","","","","","","","","","","","","","","","","","","","","","","","","","","","","","","","","",""
6400,"2024-08-09 18:00:33.916146","train",5,0.20820048451423645,6.376231252385314e-05,"","","","","","","","","","","","","","","","","","","","","","","","","","","","","","","","","","","","","",""
6440,"2024-08-09 18:01:45.951125","train",5,0.19271790981292725,6.351682639843633e-05,"","","","","","","","","","","","","","","","","","","","","","","","","","","","","","","","","","","","","",""
6480,"2024-08-09 18:03:01.897473","train",5,0.20247499644756317,6.32670943326898e-05,"","","","","","","","","","","","","","","","","","","","","","","","","","","","","","","","","","","","","",""
6520,"2024-08-09 18:04:21.108708","train",5,0.19624681770801544,6.301315351001679e-05,"","","","","","","","","","","","","","","","","","","","","","","","","","","","","","","","","","","","","",""
6560,"2024-08-09 18:05:35.743161","train",5,0.19079992175102234,6.275504174047579e-05,"","","","","","","","","","","","","","","","","","","","","","","","","","","","","","","","","","","","","",""
6600,"2024-08-09 18:06:51.757466","train",5,0.22798241674900055,6.249279745515082e-05,"","","","","","","","","","","","","","","","","","","","","","","","","","","","","","","","","","","","","",""
6640,"2024-08-09 18:08:04.753929","train",5,0.20184990763664246,6.222645970042941e-05,"","","","","","","","","","","","","","","","","","","","","","","","","","","","","","","","","","","","","",""
6680,"2024-08-09 18:09:17.728478","train",5,0.19470202922821045,6.195606813218878e-05,"","","","","","","","","","","","","","","","","","","","","","","","","","","","","","","","","","","","","",""
6720,"2024-08-09 18:10:32.270192","train",5,0.17733636498451233,6.168166300989129e-05,"","","","","","","","","","","","","","","","","","","","","","","","","","","","","","","","","","","","","",""
6760,"2024-08-09 18:11:46.840420","train",5,0.18369904160499573,6.140328519059027e-05,"","","","","","","","","","","","","","","","","","","","","","","","","","","","","","","","","","","","","",""
6800,"2024-08-09 18:13:04.995133","train",5,0.2033955156803131,6.112097612284649e-05,"","","","","","","","","","","","","","","","","","","","","","","","","","","","","","","","","","","","","",""
6840,"2024-08-09 18:14:17.936049","train",5,0.19719038903713226,6.083477784055686e-05,"","","","","","","","","","","","","","","","","","","","","","","","","","","","","","","","","","","","","",""
6880,"2024-08-09 18:15:34.783323","train",5,0.19833911955356598,6.0544732956695854e-05,"","","","","","","","","","","","","","","","","","","","","","","","","","","","","","","","","","","","","",""
6920,"2024-08-09 18:16:45.731551","train",5,0.2045295387506485,6.0250884656970666e-05,"","","","","","","","","","","","","","","","","","","","","","","","","","","","","","","","","","","","","",""
6960,"2024-08-09 18:17:56.667692","train",5,0.18644210696220398,5.9953276693391255e-05,"","","","","","","","","","","","","","","","","","","","","","","","","","","","","","","","","","","","","",""
7000,"2024-08-09 18:19:11.713149","train",5,0.20796985924243927,5.965195337775589e-05,"","","","","","","","","","","","","","","","","","","","","","","","","","","","","","","","","","","","","",""
7040,"2024-08-09 18:20:24.671286","train",5,0.2408081740140915,5.934695957505343e-05,"","","","","","","","","","","","","","","","","","","","","","","","","","","","","","","","","","","","","",""
7080,"2024-08-09 18:21:37.101548","train",5,0.18034151196479797,5.9038340696783305e-05,"","","","","","","","","","","","","","","","","","","","","","","","","","","","","","","","","","","","","",""
7120,"2024-08-09 18:22:51.826044","train",5,0.18770605325698853,5.8726142694193944e-05,"","","","","","","","","","","","","","","","","","","","","","","","","","","","","","","","","","","","","",""
7160,"2024-08-09 18:24:03.067795","train",5,0.23512154817581177,5.841041205144103e-05,"","","","","","","","","","","","","","","","","","","","","","","","","","","","","","","","","","","","","",""
7200,"2024-08-09 18:25:17.920078","train",5,0.20983034372329712,5.809119577866629e-05,"","","","","","","","","","","","","","","","","","","","","","","","","","","","","","","","","","","","","",""
7240,"2024-08-09 18:26:31.615089","train",5,0.22452303767204285,5.776854140499805e-05,"","","","","","","","","","","","","","","","","","","","","","","","","","","","","","","","","","","","","",""
7280,"2024-08-09 18:27:47.458864","train",5,0.1702200323343277,5.7442496971474386e-05,"","","","","","","","","","","","","","","","","","","","","","","","","","","","","","","","","","","","","",""
7320,"2024-08-09 18:29:02.058359","train",5,0.19558849930763245,5.711311102389023e-05,"","","","","","","","","","","","","","","","","","","","","","","","","","","","","","","","","","","","","",""
7356,"2024-08-09 19:09:07.162127","train",5,"","",0.846333384513855,0.9945682883262634,0.9897037148475647,0.8680535554885864,0.8324346542358398,0.9062619805335999,0.785677433013916,0.8741073608398438,0.8741073608398438,0.8877242803573608,0.8627349138259888,0.9356091618537903,0.8939056992530823,0.9161675572395325,0.9128245115280151,0.9370006918907166,0.7974303364753723,0.8100045919418335,0.9177448749542236,0.9420896768569946,0.8421642184257507,0.8701903223991394,0.8975170850753784,0.9232386350631714,0.8202552795410156,0.8434977531433105,0.8608071208000183,0.9052650332450867,0.710719108581543,0.7366920113563538,0.838870644569397,0.8612417578697205,0.871168315410614,0.9215447902679443,0.7326651811599731,0.7608540654182434,0.9062619805335999,0.9356091618537903
7356,"2024-08-09 19:13:43.193816","val",5,"","",0.8510994911193848,0.9976216554641724,0.9957869052886963,0.8731558918952942,0.838006317615509,0.902769148349762,0.7872296571731567,0.8754882216453552,0.8754882216453552,0.8878753185272217,0.8649479150772095,0.9331892728805542,0.8998209238052368,0.9168789982795715,0.918326735496521,0.9359645247459412,0.8013200759887695,0.8107825517654419,0.9192250967025757,0.9438125491142273,0.8498784899711609,0.8710646033287048,0.9046133160591125,0.9230208992958069,0.8212130069732666,0.8448589444160461,0.8649870157241821,0.9086441993713379,0.715358316898346,0.7397179007530212,0.8406785726547241,0.8618744015693665,0.8871729373931885,0.9282074570655823,0.7389300465583801,0.7633302807807922,0.902769148349762,0.9331892728805542
7360,"2024-08-09 19:13:58.176742","train",6,0.2033875435590744,5.678043260556917e-05,"","","","","","","","","","","","","","","","","","","","","","","","","","","","","","","","","","","","","",""
7400,"2024-08-09 19:15:19.391071","train",6,0.19883906841278076,5.644451125006125e-05,"","","","","","","","","","","","","","","","","","","","","","","","","","","","","","","","","","","","","",""
7440,"2024-08-09 19:16:33.547082","train",6,0.20176932215690613,5.61053969737678e-05,"","","","","","","","","","","","","","","","","","","","","","","","","","","","","","","","","","","","","",""
7480,"2024-08-09 19:17:49.561543","train",6,0.1911126971244812,5.576314026849426e-05,"","","","","","","","","","","","","","","","","","","","","","","","","","","","","","","","","","","","","",""
7520,"2024-08-09 19:19:00.619900","train",6,0.17964597046375275,5.5417792093932404e-05,"","","","","","","","","","","","","","","","","","","","","","","","","","","","","","","","","","","","","",""
7560,"2024-08-09 19:20:16.386209","train",6,0.1742420345544815,5.506940387007263e-05,"","","","","","","","","","","","","","","","","","","","","","","","","","","","","","","","","","","","","",""
7600,"2024-08-09 19:21:27.864254","train",6,0.1863308846950531,5.471802746954804e-05,"","","","","","","","","","","","","","","","","","","","","","","","","","","","","","","","","","","","","",""
7640,"2024-08-09 19:22:45.030859","train",6,0.1713215410709381,5.436371520991084e-05,"","","","","","","","","","","","","","","","","","","","","","","","","","","","","","","","","","","","","",""
7680,"2024-08-09 19:23:56.532224","train",6,0.17439524829387665,5.400651984584271e-05,"","","","","","","","","","","","","","","","","","","","","","","","","","","","","","","","","","","","","",""
7720,"2024-08-09 19:25:19.843997","train",6,0.17646172642707825,5.3646494561299866e-05,"","","","","","","","","","","","","","","","","","","","","","","","","","","","","","","","","","","","","",""
7760,"2024-08-09 19:26:42.081291","train",6,0.1799076944589615,5.3283692961594456e-05,"","","","","","","","","","","","","","","","","","","","","","","","","","","","","","","","","","","","","",""
7800,"2024-08-09 19:28:06.910980","train",6,0.2257615625858307,5.291816906541303e-05,"","","","","","","","","","","","","","","","","","","","","","","","","","","","","","","","","","","","","",""
7840,"2024-08-09 19:29:19.782096","train",6,0.16592542827129364,5.254997729677352e-05,"","","","","","","","","","","","","","","","","","","","","","","","","","","","","","","","","","","","","",""
7880,"2024-08-09 19:30:34.169972","train",6,0.18348316848278046,5.217917247692191e-05,"","","","","","","","","","","","","","","","","","","","","","","","","","","","","","","","","","","","","",""
7920,"2024-08-09 19:31:48.005818","train",6,0.1823907196521759,5.1805809816169705e-05,"","","","","","","","","","","","","","","","","","","","","","","","","","","","","","","","","","","","","",""
7960,"2024-08-09 19:33:02.095489","train",6,0.1659310758113861,5.142994490567349e-05,"","","","","","","","","","","","","","","","","","","","","","","","","","","","","","","","","","","","","",""
8000,"2024-08-09 19:34:19.867615","train",6,0.16562779247760773,5.105163370915779e-05,"","","","","","","","","","","","","","","","","","","","","","","","","","","","","","","","","","","","","",""
8040,"2024-08-09 19:35:34.540540","train",6,0.1715867668390274,5.067093255458245e-05,"","","","","","","","","","","","","","","","","","","","","","","","","","","","","","","","","","","","","",""
8080,"2024-08-09 19:36:46.339359","train",6,0.1608162522315979,5.0287898125755815e-05,"","","","","","","","","","","","","","","","","","","","","","","","","","","","","","","","","","","","","",""
8120,"2024-08-09 19:37:59.255610","train",6,0.20973911881446838,4.9902587453894805e-05,"","","","","","","","","","","","","","","","","","","","","","","","","","","","","","","","","","","","","",""
8160,"2024-08-09 19:39:13.874425","train",6,0.17766253650188446,4.95150579091335e-05,"","","","","","","","","","","","","","","","","","","","","","","","","","","","","","","","","","","","","",""
8200,"2024-08-09 19:40:31.039090","train",6,0.16957621276378632,4.912536719198097e-05,"","","","","","","","","","","","","","","","","","","","","","","","","","","","","","","","","","","","","",""
8240,"2024-08-09 19:41:42.423557","train",6,0.15675637125968933,4.87335733247302e-05,"","","","","","","","","","","","","","","","","","","","","","","","","","","","","","","","","","","","","",""
8280,"2024-08-09 19:42:55.119234","train",6,0.1530219465494156,4.833973464281882e-05,"","","","","","","","","","","","","","","","","","","","","","","","","","","","","","","","","","","","","",""
8320,"2024-08-09 19:44:10.946103","train",6,0.15875348448753357,4.7943909786143494e-05,"","","","","","","","","","","","","","","","","","","","","","","","","","","","","","","","","","","","","",""
8360,"2024-08-09 19:45:26.360952","train",6,0.1510431468486786,4.754615769032876e-05,"","","","","","","","","","","","","","","","","","","","","","","","","","","","","","","","","","","","","",""
8400,"2024-08-09 19:46:41.310248","train",6,0.18134084343910217,4.71465375779519e-05,"","","","","","","","","","","","","","","","","","","","","","","","","","","","","","","","","","","","","",""
8440,"2024-08-09 19:47:54.182248","train",6,0.16691908240318298,4.6745108949725185e-05,"","","","","","","","","","","","","","","","","","","","","","","","","","","","","","","","","","","","","",""
8480,"2024-08-09 19:49:09.820532","train",6,0.17686085402965546,4.634193157563653e-05,"","","","","","","","","","","","","","","","","","","","","","","","","","","","","","","","","","","","","",""
8520,"2024-08-09 19:50:24.167849","train",6,0.2065037339925766,4.5937065486050255e-05,"","","","","","","","","","","","","","","","","","","","","","","","","","","","","","","","","","","","","",""
8560,"2024-08-09 19:51:37.114142","train",6,0.17517440021038055,4.553057096276885e-05,"","","","","","","","","","","","","","","","","","","","","","","","","","","","","","","","","","","","","",""
8582,"2024-08-09 20:30:50.575101","train",6,"","",0.8624300360679626,0.9945439100265503,0.9900082349777222,0.806252658367157,0.8757893443107605,0.9107279181480408,0.7983243465423584,0.8866085410118103,0.8866085410118103,0.8480672836303711,0.893953800201416,0.9361244440078735,0.6528045535087585,0.7043008208274841,0.7833227515220642,0.8453088998794556,0.9826306104660034,0.9945921301841736,0.8969665765762329,0.8996785879135132,0.959742546081543,0.9813224077224731,0.9882603883743286,0.9980562329292297,0.8439918756484985,0.8661139607429504,0.97343909740448,0.9884801506996155,0.8398104310035706,0.8711035251617432,0.7645373344421387,0.7799295783042908,0.9167031049728394,0.948334276676178,0.6986530423164368,0.7125656604766846,0.9107279181480408,0.9361244440078735
8582,"2024-08-09 20:35:07.675110","val",6,"","",0.8682364225387573,0.998370349407196,0.9957461953163147,0.8152156472206116,0.8814443945884705,0.9084267616271973,0.7995476722717285,0.8877021074295044,0.8877021074295044,0.8504473567008972,0.8950308561325073,0.9335077404975891,0.6672956347465515,0.7109190225601196,0.7900269031524658,0.8459281325340271,0.9883244037628174,0.9944949746131897,0.8989406228065491,0.8996815085411072,0.968818187713623,0.9826660752296448,0.9973948001861572,0.9989081025123596,0.845825731754303,0.8675159215927124,0.9766914248466492,0.9907188415527344,0.8495205044746399,0.873202919960022,0.7657006978988647,0.7804367542266846,0.9282960891723633,0.9505459666252136,0.7018116116523743,0.7116014361381531,0.9084267616271973,0.9335077404975891
8600,"2024-08-09 20:35:49.668860","train",7,0.1674548238515854,4.512250853005754e-05,"","","","","","","","","","","","","","","","","","","","","","","","","","","","","","","","","","","","","",""
8640,"2024-08-09 20:37:07.271564","train",7,0.1670481264591217,4.4712938945632516e-05,"","","","","","","","","","","","","","","","","","","","","","","","","","","","","","","","","","","","","",""
8680,"2024-08-09 20:38:28.180565","train",7,0.14636102318763733,4.430192319161468e-05,"","","","","","","","","","","","","","","","","","","","","","","","","","","","","","","","","","","","","",""
8720,"2024-08-09 20:39:41.497690","train",7,0.17117123305797577,4.388952246544966e-05,"","","","","","","","","","","","","","","","","","","","","","","","","","","","","","","","","","","","","",""
8760,"2024-08-09 20:40:53.873833","train",7,0.15971703827381134,4.347579817079604e-05,"","","","","","","","","","","","","","","","","","","","","","","","","","","","","","","","","","","","","",""
8800,"2024-08-09 20:42:07.546865","train",7,0.15037253499031067,4.306081190838271e-05,"","","","","","","","","","","","","","","","","","","","","","","","","","","","","","","","","","","","","",""
8840,"2024-08-09 20:43:21.456558","train",7,0.17540982365608215,4.264462546683698e-05,"","","","","","","","","","","","","","","","","","","","","","","","","","","","","","","","","","","","","",""
8880,"2024-08-09 20:44:37.612126","train",7,0.1413354128599167,4.2227300813484664e-05,"","","","","","","","","","","","","","","","","","","","","","","","","","","","","","","","","","","","","",""
8920,"2024-08-09 20:45:50.323379","train",7,0.15364079177379608,4.180890008512354e-05,"","","","","","","","","","","","","","","","","","","","","","","","","","","","","","","","","","","","","",""
8960,"2024-08-09 20:47:04.549637","train",7,0.15047003328800201,4.138948557877163e-05,"","","","","","","","","","","","","","","","","","","","","","","","","","","","","","","","","","","","","",""
9000,"2024-08-09 20:48:20.272736","train",7,0.15436220169067383,4.096911974239159e-05,"","","","","","","","","","","","","","","","","","","","","","","","","","","","","","","","","","","","","",""
9040,"2024-08-09 20:49:35.786804","train",7,0.16223827004432678,4.054786516559265e-05,"","","","","","","","","","","","","","","","","","","","","","","","","","","","","","","","","","","","","",""
9080,"2024-08-09 20:50:47.527074","train",7,0.1539958119392395,4.012578457031142e-05,"","","","","","","","","","","","","","","","","","","","","","","","","","","","","","","","","","","","","",""
9120,"2024-08-09 20:52:00.914957","train",7,0.14576455950737,3.970294080147303e-05,"","","","","","","","","","","","","","","","","","","","","","","","","","","","","","","","","","","","","",""
9160,"2024-08-09 20:53:13.631649","train",7,0.14760221540927887,3.9279396817633976e-05,"","","","","","","","","","","","","","","","","","","","","","","","","","","","","","","","","","","","","",""
9200,"2024-08-09 20:54:26.546803","train",7,0.16002357006072998,3.885521568160797e-05,"","","","","","","","","","","","","","","","","","","","","","","","","","","","","","","","","","","","","",""
9240,"2024-08-09 20:55:38.664445","train",7,0.1650824099779129,3.8430460551076364e-05,"","","","","","","","","","","","","","","","","","","","","","","","","","","","","","","","","","","","","",""
9280,"2024-08-09 20:56:51.706243","train",7,0.14360910654067993,3.8005194669184363e-05,"","","","","","","","","","","","","","","","","","","","","","","","","","","","","","","","","","","","","",""
9320,"2024-08-09 20:58:06.593421","train",7,0.12856179475784302,3.757948135512461e-05,"","","","","","","","","","","","","","","","","","","","","","","","","","","","","","","","","","","","","",""
9360,"2024-08-09 20:59:17.842988","train",7,0.16723015904426575,3.715338399470928e-05,"","","","","","","","","","","","","","","","","","","","","","","","","","","","","","","","","","","","","",""
9400,"2024-08-09 21:00:31.963585","train",7,0.14988034963607788,3.672696603093251e-05,"","","","","","","","","","","","","","","","","","","","","","","","","","","","","","","","","","","","","",""
9440,"2024-08-09 21:01:45.844666","train",7,0.1507098376750946,3.630029095452404e-05,"","","","","","","","","","","","","","","","","","","","","","","","","","","","","","","","","","","","","",""
9480,"2024-08-09 21:02:58.615271","train",7,0.14912772178649902,3.587342229449595e-05,"","","","","","","","","","","","","","","","","","","","","","","","","","","","","","","","","","","","","",""
9520,"2024-08-09 21:04:10.309715","train",7,0.1323060244321823,3.54464236086836e-05,"","","","","","","","","","","","","","","","","","","","","","","","","","","","","","","","","","","","","",""
9560,"2024-08-09 21:05:25.460705","train",7,0.14966537058353424,3.5019358474282306e-05,"","","","","","","","","","","","","","","","","","","","","","","","","","","","","","","","","","","","","",""
9600,"2024-08-09 21:06:39.043312","train",7,0.1322881281375885,3.4592290478381125e-05,"","","","","","","","","","","","","","","","","","","","","","","","","","","","","","","","","","","","","",""
9640,"2024-08-09 21:07:50.271583","train",7,0.14287243783473969,3.416528320849515e-05,"","","","","","","","","","","","","","","","","","","","","","","","","","","","","","","","","","","","","",""
9680,"2024-08-09 21:09:03.752775","train",7,0.14024311304092407,3.373840024309783e-05,"","","","","","","","","","","","","","","","","","","","","","","","","","","","","","","","","","","","","",""
9720,"2024-08-09 21:10:16.689115","train",7,0.1288018822669983,3.33117051421545e-05,"","","","","","","","","","","","","","","","","","","","","","","","","","","","","","","","","","","","","",""
9760,"2024-08-09 21:11:30.127339","train",7,0.1419597715139389,3.2885261437658714e-05,"","","","","","","","","","","","","","","","","","","","","","","","","","","","","","","","","","","","","",""
9800,"2024-08-09 21:12:41.374138","train",7,0.14570675790309906,3.245913262417288e-05,"","","","","","","","","","","","","","","","","","","","","","","","","","","","","","","","","","","","","",""
9808,"2024-08-09 21:50:57.980344","train",7,"","",0.8823736906051636,0.9930329918861389,0.9897761940956116,0.7536101341247559,0.9211117029190063,0.9200222492218018,0.8138486742973328,0.8996851444244385,0.8996851444244385,0.7690202593803406,0.9380887746810913,0.9460474252700806,0.5941900014877319,0.6010458469390869,0.8641625046730042,0.8875771760940552,0.802478015422821,0.8184378147125244,0.996900737285614,0.9995765686035156,0.9000666737556458,0.918692946434021,0.8872295022010803,0.8968777060508728,0.9737620949745178,0.9902912974357605,0.9029417037963867,0.9341462254524231,0.8894383907318115,0.8989490270614624,0.9907125234603882,0.9950104355812073,0.8745174407958984,0.9143105149269104,0.8744364380836487,0.8949441313743591,0.9200222492218018,0.9460474252700806
9808,"2024-08-09 21:55:15.850733","val",7,"","",0.8885048627853394,0.9991354942321777,0.996593713760376,0.7592839598655701,0.9282523989677429,0.918439507484436,0.8145657181739807,0.9003823399543762,0.9003823399543762,0.7695935964584351,0.9391012191772461,0.94427889585495,0.5995049476623535,0.6009098887443542,0.8716272115707397,0.8877161145210266,0.8067197203636169,0.8201546669006348,0.9989004731178284,0.9995905160903931,0.9062414765357971,0.9210646152496338,0.8954969644546509,0.8974067568778992,0.9825875163078308,0.9907188415527344,0.9119198322296143,0.9347588419914246,0.8987348675727844,0.8998180031776428,0.9921365976333618,0.9952684044837952,0.884774386882782,0.9163784980773926,0.8834795951843262,0.8969062566757202,0.918439507484436,0.94427889585495
9840,"2024-08-09 21:56:28.602792","train",8,0.14246021211147308,3.203338214937426e-05,"","","","","","","","","","","","","","","","","","","","","","","","","","","","","","","","","","","","","",""
9880,"2024-08-09 21:57:43.043547","train",8,0.15448996424674988,3.1608073404608014e-05,"","","","","","","","","","","","","","","","","","","","","","","","","","","","","","","","","","","","","",""
9920,"2024-08-09 21:58:55.750554","train",8,0.1346537470817566,3.1183269715448776e-05,"","","","","","","","","","","","","","","","","","","","","","","","","","","","","","","","","","","","","",""
9960,"2024-08-09 22:00:10.941289","train",8,0.1687694787979126,3.075903433227178e-05,"","","","","","","","","","","","","","","","","","","","","","","","","","","","","","","","","","","","","",""
10000,"2024-08-09 22:01:24.345230","train",8,0.1489490270614624,3.033543042083545e-05,"","","","","","","","","","","","","","","","","","","","","","","","","","","","","","","","","","","","","",""
10040,"2024-08-09 22:02:40.049820","train",8,0.1355200707912445,2.9912521052876272e-05,"","","","","","","","","","","","","","","","","","","","","","","","","","","","","","","","","","","","","",""
10080,"2024-08-09 22:03:51.918336","train",8,0.13590240478515625,2.949036919671801e-05,"","","","","","","","","","","","","","","","","","","","","","","","","","","","","","","","","","","","","",""
10120,"2024-08-09 22:05:05.456135","train",8,0.14803268015384674,2.906903770789608e-05,"","","","","","","","","","","","","","","","","","","","","","","","","","","","","","","","","","","","","",""
10160,"2024-08-09 22:06:24.672402","train",8,0.13576890528202057,2.8648589319798738e-05,"","","","","","","","","","","","","","","","","","","","","","","","","","","","","","","","","","","","","",""
10200,"2024-08-09 22:07:43.140865","train",8,0.13349145650863647,2.822908663432661e-05,"","","","","","","","","","","","","","","","","","","","","","","","","","","","","","","","","","","","","",""
10240,"2024-08-09 22:08:59.527711","train",8,0.12658797204494476,2.781059211257163e-05,"","","","","","","","","","","","","","","","","","","","","","","","","","","","","","","","","","","","","",""
10280,"2024-08-09 22:10:15.359345","train",8,0.13982199132442474,2.7393168065517016e-05,"","","","","","","","","","","","","","","","","","","","","","","","","","","","","","","","","","","","","",""
10320,"2024-08-09 22:11:27.674435","train",8,0.14283572137355804,2.6976876644759596e-05,"","","","","","","","","","","","","","","","","","","","","","","","","","","","","","","","","","","","","",""
10360,"2024-08-09 22:12:43.680256","train",8,0.1487882435321808,2.656177983325585e-05,"","","","","","","","","","","","","","","","","","","","","","","","","","","","","","","","","","","","","",""
10400,"2024-08-09 22:13:56.752965","train",8,0.13219067454338074,2.6147939436093108e-05,"","","","","","","","","","","","","","","","","","","","","","","","","","","","","","","","","","","","","",""
10440,"2024-08-09 22:15:13.916928","train",8,0.15567918121814728,2.5735417071287147e-05,"","","","","","","","","","","","","","","","","","","","","","","","","","","","","","","","","","","","","",""
10480,"2024-08-09 22:16:23.864225","train",8,0.12918876111507416,2.5324274160607685e-05,"","","","","","","","","","","","","","","","","","","","","","","","","","","","","","","","","","","","","",""
10520,"2024-08-09 22:17:36.048318","train",8,0.14711013436317444,2.4914571920433154e-05,"","","","","","","","","","","","","","","","","","","","","","","","","","","","","","","","","","","","","",""
10560,"2024-08-09 22:18:50.409950","train",8,0.13639776408672333,2.450637135263595e-05,"","","","","","","","","","","","","","","","","","","","","","","","","","","","","","","","","","","","","",""
10600,"2024-08-09 22:20:05.295632","train",8,0.14593346416950226,2.4099733235499665e-05,"","","","","","","","","","","","","","","","","","","","","","","","","","","","","","","","","","","","","",""
10640,"2024-08-09 22:21:05.934014","train",8,0.13312093913555145,2.3694718114669658e-05,"","","","","","","","","","","","","","","","","","","","","","","","","","","","","","","","","","","","","",""
10680,"2024-08-09 22:22:01.760680","train",8,0.12272518873214722,2.3291386294138168e-05,"","","","","","","","","","","","","","","","","","","","","","","","","","","","","","","","","","","","","",""
10720,"2024-08-09 22:23:02.664806","train",8,0.14152352511882782,2.2889797827265527e-05,"","","","","","","","","","","","","","","","","","","","","","","","","","","","","","","","","","","","","",""
10760,"2024-08-09 22:24:06.004569","train",8,0.14064088463783264,2.249001250783853e-05,"","","","","","","","","","","","","","","","","","","","","","","","","","","","","","","","","","","","","",""
10800,"2024-08-09 22:25:13.091704","train",8,0.1483176052570343,2.209208986116765e-05,"","","","","","","","","","","","","","","","","","","","","","","","","","","","","","","","","","","","","",""
10840,"2024-08-09 22:26:16.596765","train",8,0.14196401834487915,2.169608913522406e-05,"","","","","","","","","","","","","","","","","","","","","","","","","","","","","","","","","","","","","",""
10880,"2024-08-09 22:27:19.844630","train",8,0.13501180708408356,2.130206929181801e-05,"","","","","","","","","","","","","","","","","","","","","","","","","","","","","","","","","","","","","",""
10920,"2024-08-09 22:28:22.458364","train",8,0.12942828238010406,2.0910088997819867e-05,"","","","","","","","","","","","","","","","","","","","","","","","","","","","","","","","","","","","","",""
10960,"2024-08-09 22:29:22.376476","train",8,0.12478790432214737,2.052020661642496e-05,"","","","","","","","","","","","","","","","","","","","","","","","","","","","","","","","","","","","","",""
11000,"2024-08-09 22:30:23.404495","train",8,0.1345478743314743,2.013248019846377e-05,"","","","","","","","","","","","","","","","","","","","","","","","","","","","","","","","","","","","","",""
11034,"2024-08-09 23:03:51.504518","train",8,"","",0.858004093170166,0.9930388331413269,0.9890177845954895,0.706501841545105,0.9015360474586487,0.9207234382629395,0.7925096750259399,0.877529501914978,0.877529501914978,0.7197906374931335,0.9223695993423462,0.9471850991249084,0.5940417051315308,0.5999234914779663,0.728523850440979,0.7589791417121887,0.7969399690628052,0.8004693388938904,0.8964467644691467,0.903035581111908,0.9079131484031677,0.9381000995635986,0.8853573799133301,0.8960461020469666,0.9152556657791138,0.9481199979782104,0.9577106833457947,0.9778633713722229,0.8892423510551453,0.898591935634613,0.8996647596359253,0.92612624168396,0.9560837745666504,0.9787153601646423,0.8061496615409851,0.8347278237342834,0.9207234382629395,0.9471850991249084
11034,"2024-08-09 23:08:22.041255","val",8,"","",0.8634514212608337,0.9991556406021118,0.9958621263504028,0.7106834053993225,0.9083148241043091,0.9179849624633789,0.7928929924964905,0.877795398235321,0.877795398235321,0.7197755575180054,0.9230208992958069,0.9448248147964478,0.5990098714828491,0.5999544858932495,0.734098494052887,0.7590537071228027,0.7989418506622314,0.8003184795379639,0.8985475897789001,0.9030027389526367,0.9170217514038086,0.940036416053772,0.8933284878730774,0.8967697620391846,0.923208475112915,0.9481346607208252,0.9611384272575378,0.9793903827667236,0.8973528146743774,0.8989990949630737,0.9023739695549011,0.925568699836731,0.9680132865905762,0.9814831614494324,0.8138485550880432,0.8338034749031067,0.9179849624633789,0.9448248147964478
11040,"2024-08-09 23:08:44.361515","train",9,0.12890464067459106,1.974696747375843e-05,"","","","","","","","","","","","","","","","","","","","","","","","","","","","","","","","","","","","","",""
11080,"2024-08-09 23:10:03.799246","train",9,0.16032487154006958,1.9363725842527292e-05,"","","","","","","","","","","","","","","","","","","","","","","","","","","","","","","","","","","","","",""
11120,"2024-08-09 23:11:26.594667","train",9,0.12326633930206299,1.8982812366838348e-05,"","","","","","","","","","","","","","","","","","","","","","","","","","","","","","","","","","","","","",""
11160,"2024-08-09 23:12:38.022845","train",9,0.1517810970544815,1.8604283762113098e-05,"","","","","","","","","","","","","","","","","","","","","","","","","","","","","","","","","","","","","",""
11200,"2024-08-09 23:13:53.354683","train",9,0.12735505402088165,1.8228196388681968e-05,"","","","","","","","","","","","","","","","","","","","","","","","","","","","","","","","","","","","","",""
11240,"2024-08-09 23:15:12.029579","train",9,0.16519460082054138,1.785460624339271e-05,"","","","","","","","","","","","","","","","","","","","","","","","","","","","","","","","","","","","","",""
11280,"2024-08-09 23:16:25.207533","train",9,0.13297975063323975,1.748356895127283e-05,"","","","","","","","","","","","","","","","","","","","","","","","","","","","","","","","","","","","","",""
11320,"2024-08-09 23:17:43.048948","train",9,0.14922194182872772,1.7115139757247328e-05,"","","","","","","","","","","","","","","","","","","","","","","","","","","","","","","","","","","","","",""
11360,"2024-08-09 23:19:03.111439","train",9,0.1257498860359192,1.6749373517913222e-05,"","","","","","","","","","","","","","","","","","","","","","","","","","","","","","","","","","","","","",""
11400,"2024-08-09 23:20:18.651568","train",9,0.12977468967437744,1.638632469337171e-05,"","","","","","","","","","","","","","","","","","","","","","","","","","","","","","","","","","","","","",""
11440,"2024-08-09 23:21:34.024484","train",9,0.1512599140405655,1.6026047339119433e-05,"","","","","","","","","","","","","","","","","","","","","","","","","","","","","","","","","","","","","",""
11480,"2024-08-09 23:22:52.782874","train",9,0.14097528159618378,1.5668595097999968e-05,"","","","","","","","","","","","","","","","","","","","","","","","","","","","","","","","","","","","","",""
11520,"2024-08-09 23:24:08.219715","train",9,0.14230799674987793,1.5314021192216818e-05,"","","","","","","","","","","","","","","","","","","","","","","","","","","","","","","","","","","","","",""
11560,"2024-08-09 23:25:24.808252","train",9,0.12270866334438324,1.4962378415408973e-05,"","","","","","","","","","","","","","","","","","","","","","","","","","","","","","","","","","","","","",""
11600,"2024-08-09 23:26:41.211247","train",9,0.12156207859516144,1.4613719124790241e-05,"","","","","","","","","","","","","","","","","","","","","","","","","","","","","","","","","","","","","",""
11640,"2024-08-09 23:27:55.918173","train",9,0.13007435202598572,1.4268095233353722e-05,"","","","","","","","","","","","","","","","","","","","","","","","","","","","","","","","","","","","","",""
11680,"2024-08-09 23:29:12.568940","train",9,0.1270611584186554,1.3925558202142196e-05,"","","","","","","","","","","","","","","","","","","","","","","","","","","","","","","","","","","","","",""
11720,"2024-08-09 23:30:30.392903","train",9,0.1288510262966156,1.3586159032586045e-05,"","","","","","","","","","","","","","","","","","","","","","","","","","","","","","","","","","","","","",""
11760,"2024-08-09 23:31:46.157321","train",9,0.12335102260112762,1.3249948258909372e-05,"","","","","","","","","","","","","","","","","","","","","","","","","","","","","","","","","","","","","",""
11800,"2024-08-09 23:33:03.626166","train",9,0.15735627710819244,1.2916975940605895e-05,"","","","","","","","","","","","","","","","","","","","","","","","","","","","","","","","","","","","","",""
11840,"2024-08-09 23:34:25.696631","train",9,0.13091570138931274,1.2587291654985378e-05,"","","","","","","","","","","","","","","","","","","","","","","","","","","","","","","","","","","","","",""
11880,"2024-08-09 23:35:44.054410","train",9,0.14390429854393005,1.2260944489791925e-05,"","","","","","","","","","","","","","","","","","","","","","","","","","","","","","","","","","","","","",""
11920,"2024-08-09 23:37:04.373504","train",9,0.11865504831075668,1.1937983035895113e-05,"","","","","","","","","","","","","","","","","","","","","","","","","","","","","","","","","","","","","",""
11960,"2024-08-09 23:38:25.636294","train",9,0.1226501613855362,1.1618455380055206e-05,"","","","","","","","","","","","","","","","","","","","","","","","","","","","","","","","","","","","","",""
12000,"2024-08-09 23:39:43.337525","train",9,0.14026641845703125,1.1302409097763333e-05,"","","","","","","","","","","","","","","","","","","","","","","","","","","","","","","","","","","","","",""
12040,"2024-08-09 23:40:56.985957","train",9,0.11191630363464355,1.098989124615778e-05,"","","","","","","","","","","","","","","","","","","","","","","","","","","","","","","","","","","","","",""
12080,"2024-08-09 23:42:18.031171","train",9,0.16153603792190552,1.068094835701758e-05,"","","","","","","","","","","","","","","","","","","","","","","","","","","","","","","","","","","","","",""
12120,"2024-08-09 23:43:33.442412","train",9,0.13198408484458923,1.0375626429834203e-05,"","","","","","","","","","","","","","","","","","","","","","","","","","","","","","","","","","","","","",""
12160,"2024-08-09 23:44:50.992409","train",9,0.15928784012794495,1.0073970924962548e-05,"","","","","","","","","","","","","","","","","","","","","","","","","","","","","","","","","","","","","",""
12200,"2024-08-09 23:46:10.232969","train",9,0.12213828414678574,9.776026756852194e-06,"","","","","","","","","","","","","","","","","","","","","","","","","","","","","","","","","","","","","",""
12240,"2024-08-09 23:47:23.190511","train",9,0.13563328981399536,9.481838287359985e-06,"","","","","","","","","","","","","","","","","","","","","","","","","","","","","","","","","","","","","",""
12260,"2024-08-10 00:26:33.787634","train",9,"","",0.8500098586082458,0.9953398704528809,0.9913108348846436,0.7152343988418579,0.886336088180542,0.9273999333381653,0.7842053771018982,0.8696492910385132,0.8696492910385132,0.7307832837104797,0.9069174528121948,0.9508341550827026,0.5942085385322571,0.6040814518928528,0.7545682787895203,0.7876307368278503,0.7969264984130859,0.8006377220153809,0.9049535393714905,0.9251262545585632,0.8926630616188049,0.9154481887817383,0.8801747560501099,0.8941431641578674,0.9228484630584717,0.9462119340896606,0.9338170886039734,0.961884617805481,0.8965375423431396,0.8990459442138672,0.909575879573822,0.9323402047157288,0.8387271761894226,0.8807560801506042,0.7977274656295776,0.8073006272315979,0.9273999333381653,0.9508341550827026
12260,"2024-08-10 00:30:46.871006","val",9,"","",0.8536608815193176,0.9991582632064819,0.9958767890930176,0.7193930745124817,0.8906190395355225,0.9238408803939819,0.7846494913101196,0.8699893355369568,0.8699893355369568,0.730588436126709,0.9077444076538086,0.9483962655067444,0.5993247628211975,0.6035487055778503,0.7598816156387329,0.7875341176986694,0.7989729046821594,0.8006824254989624,0.9067124724388123,0.925159215927124,0.9018910527229309,0.9172884225845337,0.8893737196922302,0.8951319456100464,0.9254691004753113,0.9485441446304321,0.9315579533576965,0.9615104794502258,0.8985083103179932,0.899272084236145,0.9106135964393616,0.9322111010551453,0.8510382175445557,0.8845769166946411,0.8004068732261658,0.8060054779052734,0.9238408803939819,0.9483962655067444
12280,"2024-08-10 00:31:44.480734","train",10,0.138265460729599,9.191449319144822e-06,"","","","","","","","","","","","","","","","","","","","","","","","","","","","","","","","","","","","","",""
12320,"2024-08-10 00:32:57.353041","train",10,0.11583827435970306,8.904903089145733e-06,"","","","","","","","","","","","","","","","","","","","","","","","","","","","","","","","","","","","","",""
12360,"2024-08-10 00:34:11.907369","train",10,0.11712364107370377,8.622242262144229e-06,"","","","","","","","","","","","","","","","","","","","","","","","","","","","","","","","","","","","","",""
12400,"2024-08-10 00:35:23.724617","train",10,0.1266511082649231,8.343508924411763e-06,"","","","","","","","","","","","","","","","","","","","","","","","","","","","","","","","","","","","","",""
12440,"2024-08-10 00:36:35.802020","train",10,0.12508471310138702,8.068744577443414e-06,"","","","","","","","","","","","","","","","","","","","","","","","","","","","","","","","","","","","","",""
12480,"2024-08-10 00:37:49.924047","train",10,0.12684576213359833,7.79799013177855e-06,"","","","","","","","","","","","","","","","","","","","","","","","","","","","","","","","","","","","","",""
12520,"2024-08-10 00:39:00.763329","train",10,0.11313765496015549,7.531285900909578e-06,"","","","","","","","","","","","","","","","","","","","","","","","","","","","","","","","","","","","","",""
12560,"2024-08-10 00:40:12.013940","train",10,0.13251455128192902,7.268671595279507e-06,"","","","","","","","","","","","","","","","","","","","","","","","","","","","","","","","","","","","","",""
12600,"2024-08-10 00:41:27.507839","train",10,0.1359846293926239,7.010186316369329e-06,"","","","","","","","","","","","","","","","","","","","","","","","","","","","","","","","","","","","","",""
12640,"2024-08-10 00:42:34.692971","train",10,0.12722185254096985,6.755868550876095e-06,"","","","","","","","","","","","","","","","","","","","","","","","","","","","","","","","","","","","","",""
12680,"2024-08-10 00:43:51.349813","train",10,0.13050220906734467,6.505756164982523e-06,"","","","","","","","","","","","","","","","","","","","","","","","","","","","","","","","","","","","","",""
12720,"2024-08-10 00:45:05.365616","train",10,0.12253174185752869,6.259886398718916e-06,"","","","","","","","","","","","","","","","","","","","","","","","","","","","","","","","","","","","","",""
12760,"2024-08-10 00:46:19.411226","train",10,0.14427423477172852,6.018295860418443e-06,"","","","","","","","","","","","","","","","","","","","","","","","","","","","","","","","","","","","","",""
12800,"2024-08-10 00:47:29.881204","train",10,0.11796270310878754,5.781020521266385e-06,"","","","","","","","","","","","","","","","","","","","","","","","","","","","","","","","","","","","","",""
12840,"2024-08-10 00:48:46.295253","train",10,0.11387448757886887,5.548095709944267e-06,"","","","","","","","","","","","","","","","","","","","","","","","","","","","","","","","","","","","","",""
12880,"2024-08-10 00:50:00.879348","train",10,0.12235866487026215,5.319556107369633e-06,"","","","","","","","","","","","","","","","","","","","","","","","","","","","","","","","","","","","","",""
12920,"2024-08-10 00:51:14.310150","train",10,0.2019805759191513,5.095435741532353e-06,"","","","","","","","","","","","","","","","","","","","","","","","","","","","","","","","","","","","","",""
12960,"2024-08-10 00:52:22.912626","train",10,0.11980730295181274,4.875767982428046e-06,"","","","","","","","","","","","","","","","","","","","","","","","","","","","","","","","","","","","","",""
13000,"2024-08-10 00:53:36.833302","train",10,0.12042379379272461,4.660585537089501e-06,"","","","","","","","","","","","","","","","","","","","","","","","","","","","","","","","","","","","","",""
13040,"2024-08-10 00:54:53.027406","train",10,0.16668477654457092,4.449920444716876e-06,"","","","","","","","","","","","","","","","","","","","","","","","","","","","","","","","","","","","","",""
13080,"2024-08-10 00:56:11.518141","train",10,0.1373792290687561,4.2438040719072155e-06,"","","","","","","","","","","","","","","","","","","","","","","","","","","","","","","","","","","","","",""
13120,"2024-08-10 00:57:26.404800","train",10,0.11884830892086029,4.042267107984241e-06,"","","","","","","","","","","","","","","","","","","","","","","","","","","","","","","","","","","","","",""
13160,"2024-08-10 00:58:44.786663","train",10,0.12647974491119385,3.8453395604288636e-06,"","","","","","","","","","","","","","","","","","","","","","","","","","","","","","","","","","","","","",""
13200,"2024-08-10 01:00:01.050297","train",10,0.13132452964782715,3.6530507504113112e-06,"","","","","","","","","","","","","","","","","","","","","","","","","","","","","","","","","","","","","",""
13240,"2024-08-10 01:01:16.724434","train",10,0.1443256437778473,3.4654293084253993e-06,"","","","","","","","","","","","","","","","","","","","","","","","","","","","","","","","","","","","","",""
13280,"2024-08-10 01:02:30.540346","train",10,0.12747690081596375,3.2825031700256407e-06,"","","","","","","","","","","","","","","","","","","","","","","","","","","","","","","","","","","","","",""
13320,"2024-08-10 01:03:49.172688","train",10,0.11236844956874847,3.1042995716678117e-06,"","","","","","","","","","","","","","","","","","","","","","","","","","","","","","","","","","","","","",""
13360,"2024-08-10 01:05:08.006455","train",10,0.13918143510818481,2.9308450466536702e-06,"","","","","","","","","","","","","","","","","","","","","","","","","","","","","","","","","","","","","",""
13400,"2024-08-10 01:06:23.228600","train",10,0.11791063100099564,2.76216542118031e-06,"","","","","","","","","","","","","","","","","","","","","","","","","","","","","","","","","","","","","",""
13440,"2024-08-10 01:07:36.183602","train",10,0.12833890318870544,2.5982858104947873e-06,"","","","","","","","","","","","","","","","","","","","","","","","","","","","","","","","","","","","","",""
13480,"2024-08-10 01:08:50.204981","train",10,0.11615583300590515,2.439230615154684e-06,"","","","","","","","","","","","","","","","","","","","","","","","","","","","","","","","","","","","","",""
13486,"2024-08-10 01:47:38.361448","train",10,"","",0.8504053950309753,0.9945778846740723,0.9913241267204285,0.7106939554214478,0.8882883191108704,0.9285928606987,0.7842281460762024,0.8695109486579895,0.8695109486579895,0.7233074903488159,0.9091191291809082,0.9516478776931763,0.5939916372299194,0.6003571152687073,0.7412928342819214,0.769784688949585,0.7967973947525024,0.7997806072235107,0.9024801850318909,0.9200397729873657,0.8959438800811768,0.9188357591629028,0.8623538017272949,0.8835416436195374,0.9393707513809204,0.9611550569534302,0.9236652255058289,0.9528850317001343,0.8910017609596252,0.8997959494590759,0.9078542590141296,0.930478036403656,0.8740285038948059,0.9136370420455933,0.7978966236114502,0.8017039895057678,0.9285928606987,0.9516478776931763
13486,"2024-08-10 01:52:04.699119","val",10,"","",0.8544299602508545,0.9991616010665894,0.9958792924880981,0.7152126431465149,0.893011748790741,0.9248458743095398,0.7849391102790833,0.8700829148292542,0.8700829148292542,0.723347008228302,0.9102011919021606,0.9492265582084656,0.5992735028266907,0.6005459427833557,0.7474970817565918,0.7696769833564758,0.7988673448562622,0.7998180389404297,0.9053202867507935,0.9207916259765625,0.9046478271484375,0.9209735989570618,0.869877278804779,0.8836669921875,0.9399110674858093,0.9624204039573669,0.9253368973731995,0.9537306427955627,0.89901202917099,0.9001820087432861,0.908334493637085,0.930391252040863,0.8853027820587158,0.917561411857605,0.7993632555007935,0.8020927906036377,0.9248458743095398,0.9492265582084656
13520,"2024-08-10 01:53:21.680364","train",11,0.13125915825366974,2.2850235173949937e-06,"","","","","","","","","","","","","","","","","","","","","","","","","","","","","","","","","","","","","",""
13560,"2024-08-10 01:54:38.320071","train",11,0.12412945926189423,2.135687477602012e-06,"","","","","","","","","","","","","","","","","","","","","","","","","","","","","","","","","","","","","",""
13600,"2024-08-10 01:55:54.481969","train",11,0.12787432968616486,1.991244730894678e-06,"","","","","","","","","","","","","","","","","","","","","","","","","","","","","","","","","","","","","",""
13640,"2024-08-10 01:57:11.292434","train",11,0.12753206491470337,1.8517167838139427e-06,"","","","","","","","","","","","","","","","","","","","","","","","","","","","","","","","","","","","","",""
13680,"2024-08-10 01:58:28.360518","train",11,0.12176310271024704,1.7171244111205647e-06,"","","","","","","","","","","","","","","","","","","","","","","","","","","","","","","","","","","","","",""
13720,"2024-08-10 01:59:45.645433","train",11,0.11555396765470505,1.5874876527018997e-06,"","","","","","","","","","","","","","","","","","","","","","","","","","","","","","","","","","","","","",""
13760,"2024-08-10 02:01:02.841054","train",11,0.11963729560375214,1.4628258105881086e-06,"","","","","","","","","","","","","","","","","","","","","","","","","","","","","","","","","","","","","",""
13800,"2024-08-10 02:02:14.314702","train",11,0.12526707351207733,1.3431574460781982e-06,"","","","","","","","","","","","","","","","","","","","","","","","","","","","","","","","","","","","","",""
13840,"2024-08-10 02:03:37.616320","train",11,0.1349121630191803,1.2285003769763834e-06,"","","","","","","","","","","","","","","","","","","","","","","","","","","","","","","","","","","","","",""
13880,"2024-08-10 02:04:48.428274","train",11,0.12076695263385773,1.1188716749391249e-06,"","","","","","","","","","","","","","","","","","","","","","","","","","","","","","","","","","","","","",""
13920,"2024-08-10 02:06:03.815231","train",11,0.12119095027446747,1.0142876629332974e-06,"","","","","","","","","","","","","","","","","","","","","","","","","","","","","","","","","","","","","",""
13960,"2024-08-10 02:07:18.990966","train",11,0.11543871462345123,9.147639128057919e-07,"","","","","","","","","","","","","","","","","","","","","","","","","","","","","","","","","","","","","",""
14000,"2024-08-10 02:08:33.100246","train",11,0.11808572709560394,8.203152429649811e-07,"","","","","","","","","","","","","","","","","","","","","","","","","","","","","","","","","","","","","",""
14040,"2024-08-10 02:09:47.748031","train",11,0.14307381212711334,7.309557161743501e-07,"","","","","","","","","","","","","","","","","","","","","","","","","","","","","","","","","","","","","",""
14080,"2024-08-10 02:11:05.147948","train",11,0.1385715901851654,6.466986374586602e-07,"","","","","","","","","","","","","","","","","","","","","","","","","","","","","","","","","","","","","",""
14120,"2024-08-10 02:12:17.787195","train",11,0.11202885210514069,5.675565521229235e-07,"","","","","","","","","","","","","","","","","","","","","","","","","","","","","","","","","","","","","",""
14160,"2024-08-10 02:13:32.760238","train",11,0.12234076857566833,4.935412438844691e-07,"","","","","","","","","","","","","","","","","","","","","","","","","","","","","","","","","","","","","",""
14200,"2024-08-10 02:14:44.889755","train",11,0.12665313482284546,4.2466373311845415e-07,"","","","","","","","","","","","","","","","","","","","","","","","","","","","","","","","","","","","","",""
14240,"2024-08-10 02:16:00.757475","train",11,0.11984632164239883,3.609342752169909e-07,"","","","","","","","","","","","","","","","","","","","","","","","","","","","","","","","","","","","","",""
14280,"2024-08-10 02:17:15.770141","train",11,0.12459243834018707,3.0236235906219593e-07,"","","","","","","","","","","","","","","","","","","","","","","","","","","","","","","","","","","","","",""
14320,"2024-08-10 02:18:28.218701","train",11,0.13828878104686737,2.489567056133461e-07,"","","","","","","","","","","","","","","","","","","","","","","","","","","","","","","","","","","","","",""
14360,"2024-08-10 02:19:40.124744","train",11,0.12119156867265701,2.0072526660841093e-07,"","","","","","","","","","","","","","","","","","","","","","","","","","","","","","","","","","","","","",""
14400,"2024-08-10 02:20:57.776927","train",11,0.11570943892002106,1.5767522338007147e-07,"","","","","","","","","","","","","","","","","","","","","","","","","","","","","","","","","","","","","",""
14440,"2024-08-10 02:22:11.673410","train",11,0.12667445838451385,1.1981298578647866e-07,"","","","","","","","","","","","","","","","","","","","","","","","","","","","","","","","","","","","","",""
14480,"2024-08-10 02:23:25.809505","train",11,0.1315591037273407,8.714419125686255e-08,"","","","","","","","","","","","","","","","","","","","","","","","","","","","","","","","","","","","","",""
14520,"2024-08-10 02:24:42.152444","train",11,0.12896478176116943,5.967370395217208e-08,"","","","","","","","","","","","","","","","","","","","","","","","","","","","","","","","","","","","","",""
14560,"2024-08-10 02:25:53.810683","train",11,0.14797359704971313,3.740561404081516e-08,"","","","","","","","","","","","","","","","","","","","","","","","","","","","","","","","","","","","","",""
14600,"2024-08-10 02:27:19.498860","train",11,0.158086895942688,2.034323708967771e-08,"","","","","","","","","","","","","","","","","","","","","","","","","","","","","","","","","","","","","",""
14640,"2024-08-10 02:28:38.030018","train",11,0.11892909556627274,8.489113570441006e-09,"","","","","","","","","","","","","","","","","","","","","","","","","","","","","","","","","","","","","",""
14680,"2024-08-10 02:29:57.114891","train",11,0.1292257308959961,1.845008481349167e-09,"","","","","","","","","","","","","","","","","","","","","","","","","","","","","","","","","","","","","",""
14712,"2024-08-10 03:09:49.359162","train",11,"","",0.8489314317703247,0.9945814609527588,0.989812433719635,0.7111486792564392,0.8861725330352783,0.9271103143692017,0.7821281552314758,0.8673872351646423,0.8673872351646423,0.7232505083084106,0.9061391353607178,0.9510305523872375,0.5940232872962952,0.6002550721168518,0.7416713833808899,0.7698280811309814,0.7977513670921326,0.7996683716773987,0.8998885750770569,0.9123564958572388,0.8906468749046326,0.9096117615699768,0.8670811057090759,0.8863272070884705,0.9483464956283569,0.9720524549484253,0.9140968322753906,0.9426304697990417,0.8908706307411194,0.8996122479438782,0.8974272608757019,0.9215090870857239,0.8693293333053589,0.9091219902038574,0.7978655099868774,0.8020305037498474,0.9271103143692017,0.9510305523872375
14712,"2024-08-10 03:14:20.077265","val",11,"","",0.8534426689147949,0.9991615414619446,0.9958776235580444,0.7155048847198486,0.89168381690979,0.9230854511260986,0.7827605605125427,0.8678624033927917,0.8678624033927917,0.7232484221458435,0.9071276783943176,0.9483166337013245,0.5992735028266907,0.6004549860954285,0.7483502626419067,0.7694267630577087,0.798891007900238,0.7998635172843933,0.9013956785202026,0.9123749136924744,0.8992697596549988,0.911191999912262,0.8750272393226624,0.8867607116699219,0.9560997486114502,0.9738853573799133,0.9161151647567749,0.9442220330238342,0.8989914059638977,0.8999544978141785,0.8977232575416565,0.9206096529960632,0.8811702728271484,0.9131483435630798,0.7993619441986084,0.8020018339157104,0.9230854511260986,0.9483166337013245
